Temperature - (Celsius), Year, Month, Country, ISO3
-28.489, 1901, Jan, Greenland, GRL
-22.256, 1901, Feb, Greenland, GRL
-28.488, 1901, Mar, Greenland, GRL
-24.147, 1901, Apr, Greenland, GRL
-14.213, 1901, May, Greenland, GRL
-7.1137, 1901, Jun, Greenland, GRL
-3.5183, 1901, Jul, Greenland, GRL
-6.5092, 1901, Aug, Greenland, GRL
-13.324, 1901, Sep, Greenland, GRL
-20.922, 1901, Oct, Greenland, GRL
-23.317, 1901, Nov, Greenland, GRL
-26.421, 1901, Dec, Greenland, GRL
-28.426, 1902, Jan, Greenland, GRL
-27.647, 1902, Feb, Greenland, GRL
-31.757, 1902, Mar, Greenland, GRL
-22.711, 1902, Apr, Greenland, GRL
-13.472, 1902, May, Greenland, GRL
-5.4577, 1902, Jun, Greenland, GRL
-3.2465, 1902, Jul, Greenland, GRL
-5.4093, 1902, Aug, Greenland, GRL
-13.345, 1902, Sep, Greenland, GRL
-18.692, 1902, Oct, Greenland, GRL
-25.183, 1902, Nov, Greenland, GRL
-27.776, 1902, Dec, Greenland, GRL
-26.786, 1903, Jan, Greenland, GRL
-30.068, 1903, Feb, Greenland, GRL
-32.785, 1903, Mar, Greenland, GRL
-23.46, 1903, Apr, Greenland, GRL
-14.142, 1903, May, Greenland, GRL
-6.6055, 1903, Jun, Greenland, GRL
-3.2093, 1903, Jul, Greenland, GRL
-7.0968, 1903, Aug, Greenland, GRL
-13.01, 1903, Sep, Greenland, GRL
-18.9, 1903, Oct, Greenland, GRL
-25.294, 1903, Nov, Greenland, GRL
-23.682, 1903, Dec, Greenland, GRL
-28.154, 1904, Jan, Greenland, GRL
-29.401, 1904, Feb, Greenland, GRL
-30.599, 1904, Mar, Greenland, GRL
-25.307, 1904, Apr, Greenland, GRL
-12.985, 1904, May, Greenland, GRL
-6.4625, 1904, Jun, Greenland, GRL
-3.2119, 1904, Jul, Greenland, GRL
-4.8966, 1904, Aug, Greenland, GRL
-13.457, 1904, Sep, Greenland, GRL
-22.451, 1904, Oct, Greenland, GRL
-25.859, 1904, Nov, Greenland, GRL
-25.061, 1904, Dec, Greenland, GRL
-29.63, 1905, Jan, Greenland, GRL
-29.494, 1905, Feb, Greenland, GRL
-26.403, 1905, Mar, Greenland, GRL
-19.724, 1905, Apr, Greenland, GRL
-12.906, 1905, May, Greenland, GRL
-6.7111, 1905, Jun, Greenland, GRL
-3.1305, 1905, Jul, Greenland, GRL
-6.0831, 1905, Aug, Greenland, GRL
-14.608, 1905, Sep, Greenland, GRL
-18.85, 1905, Oct, Greenland, GRL
-24.242, 1905, Nov, Greenland, GRL
-28.183, 1905, Dec, Greenland, GRL
-29.244, 1906, Jan, Greenland, GRL
-31.985, 1906, Feb, Greenland, GRL
-31.003, 1906, Mar, Greenland, GRL
-25.245, 1906, Apr, Greenland, GRL
-13.615, 1906, May, Greenland, GRL
-6.7442, 1906, Jun, Greenland, GRL
-3.4913, 1906, Jul, Greenland, GRL
-4.8224, 1906, Aug, Greenland, GRL
-12.653, 1906, Sep, Greenland, GRL
-20.217, 1906, Oct, Greenland, GRL
-26.931, 1906, Nov, Greenland, GRL
-27.847, 1906, Dec, Greenland, GRL
-28.786, 1907, Jan, Greenland, GRL
-31.204, 1907, Feb, Greenland, GRL
-33.129, 1907, Mar, Greenland, GRL
-25.147, 1907, Apr, Greenland, GRL
-14.304, 1907, May, Greenland, GRL
-6.9849, 1907, Jun, Greenland, GRL
-3.2419, 1907, Jul, Greenland, GRL
-6.0769, 1907, Aug, Greenland, GRL
-13.711, 1907, Sep, Greenland, GRL
-18.791, 1907, Oct, Greenland, GRL
-26.539, 1907, Nov, Greenland, GRL
-25.294, 1907, Dec, Greenland, GRL
-27.131, 1908, Jan, Greenland, GRL
-30.769, 1908, Feb, Greenland, GRL
-26.996, 1908, Mar, Greenland, GRL
-20.424, 1908, Apr, Greenland, GRL
-13.762, 1908, May, Greenland, GRL
-6.4881, 1908, Jun, Greenland, GRL
-1.664, 1908, Jul, Greenland, GRL
-6.3207, 1908, Aug, Greenland, GRL
-12.075, 1908, Sep, Greenland, GRL
-20.179, 1908, Oct, Greenland, GRL
-25.029, 1908, Nov, Greenland, GRL
-27.063, 1908, Dec, Greenland, GRL
-30.887, 1909, Jan, Greenland, GRL
-27.204, 1909, Feb, Greenland, GRL
-26.692, 1909, Mar, Greenland, GRL
-21.463, 1909, Apr, Greenland, GRL
-12.473, 1909, May, Greenland, GRL
-5.1728, 1909, Jun, Greenland, GRL
-3.2481, 1909, Jul, Greenland, GRL
-6.3026, 1909, Aug, Greenland, GRL
-12.34, 1909, Sep, Greenland, GRL
-21.964, 1909, Oct, Greenland, GRL
-24.452, 1909, Nov, Greenland, GRL
-30.618, 1909, Dec, Greenland, GRL
-31.499, 1910, Jan, Greenland, GRL
-32.929, 1910, Feb, Greenland, GRL
-31.642, 1910, Mar, Greenland, GRL
-23.556, 1910, Apr, Greenland, GRL
-13.695, 1910, May, Greenland, GRL
-7.199, 1910, Jun, Greenland, GRL
-3.3504, 1910, Jul, Greenland, GRL
-4.8078, 1910, Aug, Greenland, GRL
-13.487, 1910, Sep, Greenland, GRL
-19.374, 1910, Oct, Greenland, GRL
-27.263, 1910, Nov, Greenland, GRL
-27.153, 1910, Dec, Greenland, GRL
-28.278, 1911, Jan, Greenland, GRL
-33.963, 1911, Feb, Greenland, GRL
-29.189, 1911, Mar, Greenland, GRL
-21.791, 1911, Apr, Greenland, GRL
-13.433, 1911, May, Greenland, GRL
-6.347, 1911, Jun, Greenland, GRL
-3.1096, 1911, Jul, Greenland, GRL
-5.7252, 1911, Aug, Greenland, GRL
-13.7, 1911, Sep, Greenland, GRL
-18.416, 1911, Oct, Greenland, GRL
-24.412, 1911, Nov, Greenland, GRL
-27.573, 1911, Dec, Greenland, GRL
-26.133, 1912, Jan, Greenland, GRL
-28.199, 1912, Feb, Greenland, GRL
-29.983, 1912, Mar, Greenland, GRL
-23.171, 1912, Apr, Greenland, GRL
-13.488, 1912, May, Greenland, GRL
-4.8487, 1912, Jun, Greenland, GRL
-3.6165, 1912, Jul, Greenland, GRL
-6.2857, 1912, Aug, Greenland, GRL
-13.3, 1912, Sep, Greenland, GRL
-21.235, 1912, Oct, Greenland, GRL
-25.539, 1912, Nov, Greenland, GRL
-26.259, 1912, Dec, Greenland, GRL
-25.573, 1913, Jan, Greenland, GRL
-26.905, 1913, Feb, Greenland, GRL
-31.651, 1913, Mar, Greenland, GRL
-23.216, 1913, Apr, Greenland, GRL
-13.842, 1913, May, Greenland, GRL
-5.741, 1913, Jun, Greenland, GRL
-3.9125, 1913, Jul, Greenland, GRL
-6.617, 1913, Aug, Greenland, GRL
-13.215, 1913, Sep, Greenland, GRL
-19.796, 1913, Oct, Greenland, GRL
-26.678, 1913, Nov, Greenland, GRL
-28.179, 1913, Dec, Greenland, GRL
-29.081, 1914, Jan, Greenland, GRL
-34.121, 1914, Feb, Greenland, GRL
-32.806, 1914, Mar, Greenland, GRL
-24.591, 1914, Apr, Greenland, GRL
-16.179, 1914, May, Greenland, GRL
-8.3298, 1914, Jun, Greenland, GRL
-3.9553, 1914, Jul, Greenland, GRL
-6.2531, 1914, Aug, Greenland, GRL
-14.571, 1914, Sep, Greenland, GRL
-18.855, 1914, Oct, Greenland, GRL
-25.719, 1914, Nov, Greenland, GRL
-30.093, 1914, Dec, Greenland, GRL
-28.21, 1915, Jan, Greenland, GRL
-31.874, 1915, Feb, Greenland, GRL
-32.15, 1915, Mar, Greenland, GRL
-23.981, 1915, Apr, Greenland, GRL
-13.803, 1915, May, Greenland, GRL
-6.0901, 1915, Jun, Greenland, GRL
-4.2071, 1915, Jul, Greenland, GRL
-5.9189, 1915, Aug, Greenland, GRL
-12.08, 1915, Sep, Greenland, GRL
-18.126, 1915, Oct, Greenland, GRL
-25.068, 1915, Nov, Greenland, GRL
-26.847, 1915, Dec, Greenland, GRL
-27.844, 1916, Jan, Greenland, GRL
-27.436, 1916, Feb, Greenland, GRL
-24.77, 1916, Mar, Greenland, GRL
-25.221, 1916, Apr, Greenland, GRL
-12.412, 1916, May, Greenland, GRL
-6.5837, 1916, Jun, Greenland, GRL
-3.7844, 1916, Jul, Greenland, GRL
-4.9889, 1916, Aug, Greenland, GRL
-12.792, 1916, Sep, Greenland, GRL
-19.951, 1916, Oct, Greenland, GRL
-26.457, 1916, Nov, Greenland, GRL
-28.503, 1916, Dec, Greenland, GRL
-27.14, 1917, Jan, Greenland, GRL
-28.988, 1917, Feb, Greenland, GRL
-28.354, 1917, Mar, Greenland, GRL
-25.057, 1917, Apr, Greenland, GRL
-15.448, 1917, May, Greenland, GRL
-7.4313, 1917, Jun, Greenland, GRL
-3.1015, 1917, Jul, Greenland, GRL
-5.912, 1917, Aug, Greenland, GRL
-14.821, 1917, Sep, Greenland, GRL
-23.113, 1917, Oct, Greenland, GRL
-27.709, 1917, Nov, Greenland, GRL
-30.894, 1917, Dec, Greenland, GRL
-34.092, 1918, Jan, Greenland, GRL
-31.654, 1918, Feb, Greenland, GRL
-30.123, 1918, Mar, Greenland, GRL
-25.711, 1918, Apr, Greenland, GRL
-12.873, 1918, May, Greenland, GRL
-7.9224, 1918, Jun, Greenland, GRL
-3.3519, 1918, Jul, Greenland, GRL
-6.2509, 1918, Aug, Greenland, GRL
-13.485, 1918, Sep, Greenland, GRL
-21.258, 1918, Oct, Greenland, GRL
-27.283, 1918, Nov, Greenland, GRL
-26.449, 1918, Dec, Greenland, GRL
-25.343, 1919, Jan, Greenland, GRL
-32.871, 1919, Feb, Greenland, GRL
-30.63, 1919, Mar, Greenland, GRL
-28.375, 1919, Apr, Greenland, GRL
-12.046, 1919, May, Greenland, GRL
-7.4004, 1919, Jun, Greenland, GRL
-4.1441, 1919, Jul, Greenland, GRL
-6.7734, 1919, Aug, Greenland, GRL
-14.348, 1919, Sep, Greenland, GRL
-18.244, 1919, Oct, Greenland, GRL
-24.995, 1919, Nov, Greenland, GRL
-25.916, 1919, Dec, Greenland, GRL
-28.666, 1920, Jan, Greenland, GRL
-30.876, 1920, Feb, Greenland, GRL
-29.66, 1920, Mar, Greenland, GRL
-22.253, 1920, Apr, Greenland, GRL
-14.368, 1920, May, Greenland, GRL
-5.9676, 1920, Jun, Greenland, GRL
-3.5611, 1920, Jul, Greenland, GRL
-6.5564, 1920, Aug, Greenland, GRL
-13.71, 1920, Sep, Greenland, GRL
-19.411, 1920, Oct, Greenland, GRL
-26.001, 1920, Nov, Greenland, GRL
-26.317, 1920, Dec, Greenland, GRL
-27.994, 1921, Jan, Greenland, GRL
-30.168, 1921, Feb, Greenland, GRL
-30.032, 1921, Mar, Greenland, GRL
-24.391, 1921, Apr, Greenland, GRL
-13.965, 1921, May, Greenland, GRL
-6.3808, 1921, Jun, Greenland, GRL
-3.3391, 1921, Jul, Greenland, GRL
-5.6007, 1921, Aug, Greenland, GRL
-14.369, 1921, Sep, Greenland, GRL
-21.425, 1921, Oct, Greenland, GRL
-23.536, 1921, Nov, Greenland, GRL
-26.777, 1921, Dec, Greenland, GRL
-24.755, 1922, Jan, Greenland, GRL
-31.365, 1922, Feb, Greenland, GRL
-29.02, 1922, Mar, Greenland, GRL
-22.447, 1922, Apr, Greenland, GRL
-14.682, 1922, May, Greenland, GRL
-6.9928, 1922, Jun, Greenland, GRL
-3.4044, 1922, Jul, Greenland, GRL
-6.32, 1922, Aug, Greenland, GRL
-14.409, 1922, Sep, Greenland, GRL
-19.261, 1922, Oct, Greenland, GRL
-24.071, 1922, Nov, Greenland, GRL
-25.725, 1922, Dec, Greenland, GRL
-28.708, 1923, Jan, Greenland, GRL
-26.181, 1923, Feb, Greenland, GRL
-27.911, 1923, Mar, Greenland, GRL
-19.657, 1923, Apr, Greenland, GRL
-12.678, 1923, May, Greenland, GRL
-5.9821, 1923, Jun, Greenland, GRL
-2.9628, 1923, Jul, Greenland, GRL
-5.7929, 1923, Aug, Greenland, GRL
-13.536, 1923, Sep, Greenland, GRL
-19.236, 1923, Oct, Greenland, GRL
-24.1, 1923, Nov, Greenland, GRL
-25.925, 1923, Dec, Greenland, GRL
-23.824, 1924, Jan, Greenland, GRL
-28.013, 1924, Feb, Greenland, GRL
-28.925, 1924, Mar, Greenland, GRL
-21.522, 1924, Apr, Greenland, GRL
-12.029, 1924, May, Greenland, GRL
-5.329, 1924, Jun, Greenland, GRL
-3.1849, 1924, Jul, Greenland, GRL
-5.8097, 1924, Aug, Greenland, GRL
-13.784, 1924, Sep, Greenland, GRL
-19.975, 1924, Oct, Greenland, GRL
-24.819, 1924, Nov, Greenland, GRL
-26.895, 1924, Dec, Greenland, GRL
-28.191, 1925, Jan, Greenland, GRL
-26.869, 1925, Feb, Greenland, GRL
-26.461, 1925, Mar, Greenland, GRL
-22.384, 1925, Apr, Greenland, GRL
-13.5, 1925, May, Greenland, GRL
-5.5434, 1925, Jun, Greenland, GRL
-3.7918, 1925, Jul, Greenland, GRL
-5.9772, 1925, Aug, Greenland, GRL
-12.545, 1925, Sep, Greenland, GRL
-19.374, 1925, Oct, Greenland, GRL
-22.785, 1925, Nov, Greenland, GRL
-24.756, 1925, Dec, Greenland, GRL
-24.088, 1926, Jan, Greenland, GRL
-27.094, 1926, Feb, Greenland, GRL
-29.161, 1926, Mar, Greenland, GRL
-20.305, 1926, Apr, Greenland, GRL
-12.403, 1926, May, Greenland, GRL
-5.1771, 1926, Jun, Greenland, GRL
-2.2615, 1926, Jul, Greenland, GRL
-5.936, 1926, Aug, Greenland, GRL
-13.355, 1926, Sep, Greenland, GRL
-19.428, 1926, Oct, Greenland, GRL
-24.466, 1926, Nov, Greenland, GRL
-25.631, 1926, Dec, Greenland, GRL
-25.367, 1927, Jan, Greenland, GRL
-26.507, 1927, Feb, Greenland, GRL
-30.237, 1927, Mar, Greenland, GRL
-23.478, 1927, Apr, Greenland, GRL
-12.422, 1927, May, Greenland, GRL
-5.321, 1927, Jun, Greenland, GRL
-2.7614, 1927, Jul, Greenland, GRL
-5.2435, 1927, Aug, Greenland, GRL
-12.157, 1927, Sep, Greenland, GRL
-19.682, 1927, Oct, Greenland, GRL
-23.229, 1927, Nov, Greenland, GRL
-24.974, 1927, Dec, Greenland, GRL
-24.43, 1928, Jan, Greenland, GRL
-26.046, 1928, Feb, Greenland, GRL
-25.33, 1928, Mar, Greenland, GRL
-20.451, 1928, Apr, Greenland, GRL
-11.49, 1928, May, Greenland, GRL
-5.7028, 1928, Jun, Greenland, GRL
-2.4981, 1928, Jul, Greenland, GRL
-5.1803, 1928, Aug, Greenland, GRL
-11.763, 1928, Sep, Greenland, GRL
-18.326, 1928, Oct, Greenland, GRL
-23.547, 1928, Nov, Greenland, GRL
-24.826, 1928, Dec, Greenland, GRL
-22.556, 1929, Jan, Greenland, GRL
-22.266, 1929, Feb, Greenland, GRL
-25.628, 1929, Mar, Greenland, GRL
-21.642, 1929, Apr, Greenland, GRL
-12.999, 1929, May, Greenland, GRL
-5.9303, 1929, Jun, Greenland, GRL
-2.2718, 1929, Jul, Greenland, GRL
-5.8131, 1929, Aug, Greenland, GRL
-13.674, 1929, Sep, Greenland, GRL
-21.276, 1929, Oct, Greenland, GRL
-24.35, 1929, Nov, Greenland, GRL
-23.766, 1929, Dec, Greenland, GRL
-25.856, 1930, Jan, Greenland, GRL
-25.486, 1930, Feb, Greenland, GRL
-27.476, 1930, Mar, Greenland, GRL
-19.31, 1930, Apr, Greenland, GRL
-11.777, 1930, May, Greenland, GRL
-5.8418, 1930, Jun, Greenland, GRL
-2.5788, 1930, Jul, Greenland, GRL
-5.3866, 1930, Aug, Greenland, GRL
-11.741, 1930, Sep, Greenland, GRL
-19.435, 1930, Oct, Greenland, GRL
-23.564, 1930, Nov, Greenland, GRL
-24.173, 1930, Dec, Greenland, GRL
-24.162, 1931, Jan, Greenland, GRL
-27.129, 1931, Feb, Greenland, GRL
-30.68, 1931, Mar, Greenland, GRL
-21.261, 1931, Apr, Greenland, GRL
-13.254, 1931, May, Greenland, GRL
-4.8652, 1931, Jun, Greenland, GRL
-1.349, 1931, Jul, Greenland, GRL
-4.414, 1931, Aug, Greenland, GRL
-11.503, 1931, Sep, Greenland, GRL
-19.608, 1931, Oct, Greenland, GRL
-23.125, 1931, Nov, Greenland, GRL
-25.601, 1931, Dec, Greenland, GRL
-27.487, 1932, Jan, Greenland, GRL
-22.771, 1932, Feb, Greenland, GRL
-23.422, 1932, Mar, Greenland, GRL
-21.898, 1932, Apr, Greenland, GRL
-10.465, 1932, May, Greenland, GRL
-5.1005, 1932, Jun, Greenland, GRL
-2.4038, 1932, Jul, Greenland, GRL
-5.992, 1932, Aug, Greenland, GRL
-12.527, 1932, Sep, Greenland, GRL
-19.067, 1932, Oct, Greenland, GRL
-25.517, 1932, Nov, Greenland, GRL
-25.109, 1932, Dec, Greenland, GRL
-24.185, 1933, Jan, Greenland, GRL
-24.526, 1933, Feb, Greenland, GRL
-26.284, 1933, Mar, Greenland, GRL
-22.691, 1933, Apr, Greenland, GRL
-11.303, 1933, May, Greenland, GRL
-5.9483, 1933, Jun, Greenland, GRL
-2.0314, 1933, Jul, Greenland, GRL
-5.2051, 1933, Aug, Greenland, GRL
-12.561, 1933, Sep, Greenland, GRL
-18.956, 1933, Oct, Greenland, GRL
-21.94, 1933, Nov, Greenland, GRL
-22.825, 1933, Dec, Greenland, GRL
-24.259, 1934, Jan, Greenland, GRL
-28.485, 1934, Feb, Greenland, GRL
-27.513, 1934, Mar, Greenland, GRL
-21.466, 1934, Apr, Greenland, GRL
-13.61, 1934, May, Greenland, GRL
-5.5485, 1934, Jun, Greenland, GRL
-2.0176, 1934, Jul, Greenland, GRL
-5.238, 1934, Aug, Greenland, GRL
-11.847, 1934, Sep, Greenland, GRL
-18.801, 1934, Oct, Greenland, GRL
-23.297, 1934, Nov, Greenland, GRL
-22.46, 1934, Dec, Greenland, GRL
-23.998, 1935, Jan, Greenland, GRL
-29.115, 1935, Feb, Greenland, GRL
-25.463, 1935, Mar, Greenland, GRL
-21.52, 1935, Apr, Greenland, GRL
-12.663, 1935, May, Greenland, GRL
-5.1923, 1935, Jun, Greenland, GRL
-2.4473, 1935, Jul, Greenland, GRL
-5.3978, 1935, Aug, Greenland, GRL
-12.412, 1935, Sep, Greenland, GRL
-18.776, 1935, Oct, Greenland, GRL
-21.782, 1935, Nov, Greenland, GRL
-24.528, 1935, Dec, Greenland, GRL
-24.871, 1936, Jan, Greenland, GRL
-24.961, 1936, Feb, Greenland, GRL
-28.691, 1936, Mar, Greenland, GRL
-20.512, 1936, Apr, Greenland, GRL
-11.249, 1936, May, Greenland, GRL
-5.4695, 1936, Jun, Greenland, GRL
-1.5148, 1936, Jul, Greenland, GRL
-5.4459, 1936, Aug, Greenland, GRL
-12.325, 1936, Sep, Greenland, GRL
-18.755, 1936, Oct, Greenland, GRL
-23.598, 1936, Nov, Greenland, GRL
-27.882, 1936, Dec, Greenland, GRL
-23.845, 1937, Jan, Greenland, GRL
-28.235, 1937, Feb, Greenland, GRL
-26.022, 1937, Mar, Greenland, GRL
-21.863, 1937, Apr, Greenland, GRL
-12.828, 1937, May, Greenland, GRL
-6.1661, 1937, Jun, Greenland, GRL
-2.5875, 1937, Jul, Greenland, GRL
-5.7104, 1937, Aug, Greenland, GRL
-13.037, 1937, Sep, Greenland, GRL
-20.047, 1937, Oct, Greenland, GRL
-22.555, 1937, Nov, Greenland, GRL
-25.25, 1937, Dec, Greenland, GRL
-26.222, 1938, Jan, Greenland, GRL
-26.56, 1938, Feb, Greenland, GRL
-29.211, 1938, Mar, Greenland, GRL
-23.019, 1938, Apr, Greenland, GRL
-12.912, 1938, May, Greenland, GRL
-5.4288, 1938, Jun, Greenland, GRL
-3.204, 1938, Jul, Greenland, GRL
-5.7024, 1938, Aug, Greenland, GRL
-13.029, 1938, Sep, Greenland, GRL
-18.541, 1938, Oct, Greenland, GRL
-24.866, 1938, Nov, Greenland, GRL
-23.705, 1938, Dec, Greenland, GRL
-23.01, 1939, Jan, Greenland, GRL
-28.39, 1939, Feb, Greenland, GRL
-26.655, 1939, Mar, Greenland, GRL
-20.1, 1939, Apr, Greenland, GRL
-11.818, 1939, May, Greenland, GRL
-6.0289, 1939, Jun, Greenland, GRL
-2.4318, 1939, Jul, Greenland, GRL
-5.6844, 1939, Aug, Greenland, GRL
-11.825, 1939, Sep, Greenland, GRL
-17.377, 1939, Oct, Greenland, GRL
-24.538, 1939, Nov, Greenland, GRL
-25.481, 1939, Dec, Greenland, GRL
-23.018, 1940, Jan, Greenland, GRL
-25.78, 1940, Feb, Greenland, GRL
-28.083, 1940, Mar, Greenland, GRL
-21.535, 1940, Apr, Greenland, GRL
-12.462, 1940, May, Greenland, GRL
-5.7284, 1940, Jun, Greenland, GRL
-2.6507, 1940, Jul, Greenland, GRL
-6.5378, 1940, Aug, Greenland, GRL
-13.325, 1940, Sep, Greenland, GRL
-18.536, 1940, Oct, Greenland, GRL
-24.978, 1940, Nov, Greenland, GRL
-24.917, 1940, Dec, Greenland, GRL
-24.912, 1941, Jan, Greenland, GRL
-26.271, 1941, Feb, Greenland, GRL
-27.295, 1941, Mar, Greenland, GRL
-21.372, 1941, Apr, Greenland, GRL
-12.37, 1941, May, Greenland, GRL
-5.7456, 1941, Jun, Greenland, GRL
-2.9349, 1941, Jul, Greenland, GRL
-5.1203, 1941, Aug, Greenland, GRL
-12.532, 1941, Sep, Greenland, GRL
-17.831, 1941, Oct, Greenland, GRL
-23.467, 1941, Nov, Greenland, GRL
-24.477, 1941, Dec, Greenland, GRL
-22.501, 1942, Jan, Greenland, GRL
-28.017, 1942, Feb, Greenland, GRL
-27.47, 1942, Mar, Greenland, GRL
-23.203, 1942, Apr, Greenland, GRL
-12.421, 1942, May, Greenland, GRL
-5.7572, 1942, Jun, Greenland, GRL
-2.8298, 1942, Jul, Greenland, GRL
-6.1743, 1942, Aug, Greenland, GRL
-13.408, 1942, Sep, Greenland, GRL
-19.366, 1942, Oct, Greenland, GRL
-22.345, 1942, Nov, Greenland, GRL
-24.765, 1942, Dec, Greenland, GRL
-24.185, 1943, Jan, Greenland, GRL
-30.908, 1943, Feb, Greenland, GRL
-30.522, 1943, Mar, Greenland, GRL
-23.296, 1943, Apr, Greenland, GRL
-14.503, 1943, May, Greenland, GRL
-5.8435, 1943, Jun, Greenland, GRL
-2.8298, 1943, Jul, Greenland, GRL
-6.5353, 1943, Aug, Greenland, GRL
-13.529, 1943, Sep, Greenland, GRL
-20.099, 1943, Oct, Greenland, GRL
-23.862, 1943, Nov, Greenland, GRL
-25.101, 1943, Dec, Greenland, GRL
-26.402, 1944, Jan, Greenland, GRL
-26.559, 1944, Feb, Greenland, GRL
-27.815, 1944, Mar, Greenland, GRL
-22.8, 1944, Apr, Greenland, GRL
-13.567, 1944, May, Greenland, GRL
-5.9253, 1944, Jun, Greenland, GRL
-2.9379, 1944, Jul, Greenland, GRL
-6.0356, 1944, Aug, Greenland, GRL
-12.765, 1944, Sep, Greenland, GRL
-19.274, 1944, Oct, Greenland, GRL
-25.143, 1944, Nov, Greenland, GRL
-25.276, 1944, Dec, Greenland, GRL
-22.946, 1945, Jan, Greenland, GRL
-26.643, 1945, Feb, Greenland, GRL
-26, 1945, Mar, Greenland, GRL
-22.151, 1945, Apr, Greenland, GRL
-13.127, 1945, May, Greenland, GRL
-5.8141, 1945, Jun, Greenland, GRL
-3.4197, 1945, Jul, Greenland, GRL
-5.7994, 1945, Aug, Greenland, GRL
-13.042, 1945, Sep, Greenland, GRL
-18.484, 1945, Oct, Greenland, GRL
-24.363, 1945, Nov, Greenland, GRL
-25.365, 1945, Dec, Greenland, GRL
-23.81, 1946, Jan, Greenland, GRL
-26.15, 1946, Feb, Greenland, GRL
-26.353, 1946, Mar, Greenland, GRL
-23.466, 1946, Apr, Greenland, GRL
-11.629, 1946, May, Greenland, GRL
-5.8044, 1946, Jun, Greenland, GRL
-3.1636, 1946, Jul, Greenland, GRL
-5.8525, 1946, Aug, Greenland, GRL
-12.436, 1946, Sep, Greenland, GRL
-17.719, 1946, Oct, Greenland, GRL
-22.599, 1946, Nov, Greenland, GRL
-22.329, 1946, Dec, Greenland, GRL
-19.126, 1947, Jan, Greenland, GRL
-22.137, 1947, Feb, Greenland, GRL
-26.435, 1947, Mar, Greenland, GRL
-22.094, 1947, Apr, Greenland, GRL
-12.445, 1947, May, Greenland, GRL
-5.2644, 1947, Jun, Greenland, GRL
-2.376, 1947, Jul, Greenland, GRL
-5.2991, 1947, Aug, Greenland, GRL
-13.09, 1947, Sep, Greenland, GRL
-18.129, 1947, Oct, Greenland, GRL
-23.462, 1947, Nov, Greenland, GRL
-26.311, 1947, Dec, Greenland, GRL
-26.023, 1948, Jan, Greenland, GRL
-27.324, 1948, Feb, Greenland, GRL
-29.341, 1948, Mar, Greenland, GRL
-22.323, 1948, Apr, Greenland, GRL
-13.399, 1948, May, Greenland, GRL
-5.0283, 1948, Jun, Greenland, GRL
-2.0584, 1948, Jul, Greenland, GRL
-5.45, 1948, Aug, Greenland, GRL
-12.832, 1948, Sep, Greenland, GRL
-19.15, 1948, Oct, Greenland, GRL
-24.579, 1948, Nov, Greenland, GRL
-29.829, 1948, Dec, Greenland, GRL
-27.998, 1949, Jan, Greenland, GRL
-27.386, 1949, Feb, Greenland, GRL
-27.196, 1949, Mar, Greenland, GRL
-25.138, 1949, Apr, Greenland, GRL
-14.101, 1949, May, Greenland, GRL
-5.0823, 1949, Jun, Greenland, GRL
-2.2581, 1949, Jul, Greenland, GRL
-5.3648, 1949, Aug, Greenland, GRL
-13.308, 1949, Sep, Greenland, GRL
-21.05, 1949, Oct, Greenland, GRL
-24.617, 1949, Nov, Greenland, GRL
-25.879, 1949, Dec, Greenland, GRL
-26.581, 1950, Jan, Greenland, GRL
-28.999, 1950, Feb, Greenland, GRL
-28.015, 1950, Mar, Greenland, GRL
-23.589, 1950, Apr, Greenland, GRL
-13.19, 1950, May, Greenland, GRL
-5.7126, 1950, Jun, Greenland, GRL
-2.4708, 1950, Jul, Greenland, GRL
-5.7979, 1950, Aug, Greenland, GRL
-13.973, 1950, Sep, Greenland, GRL
-20.018, 1950, Oct, Greenland, GRL
-23.263, 1950, Nov, Greenland, GRL
-26.466, 1950, Dec, Greenland, GRL
-27.618, 1951, Jan, Greenland, GRL
-28.1, 1951, Feb, Greenland, GRL
-29.134, 1951, Mar, Greenland, GRL
-23.427, 1951, Apr, Greenland, GRL
-12.686, 1951, May, Greenland, GRL
-5.3642, 1951, Jun, Greenland, GRL
-3.8072, 1951, Jul, Greenland, GRL
-6.1117, 1951, Aug, Greenland, GRL
-12.327, 1951, Sep, Greenland, GRL
-20.817, 1951, Oct, Greenland, GRL
-25.227, 1951, Nov, Greenland, GRL
-29.149, 1951, Dec, Greenland, GRL
-26.016, 1952, Jan, Greenland, GRL
-27.38, 1952, Feb, Greenland, GRL
-29.412, 1952, Mar, Greenland, GRL
-22.404, 1952, Apr, Greenland, GRL
-11.293, 1952, May, Greenland, GRL
-6.0744, 1952, Jun, Greenland, GRL
-3.2622, 1952, Jul, Greenland, GRL
-6.0942, 1952, Aug, Greenland, GRL
-13.172, 1952, Sep, Greenland, GRL
-19.051, 1952, Oct, Greenland, GRL
-23.147, 1952, Nov, Greenland, GRL
-23.772, 1952, Dec, Greenland, GRL
-25.088, 1953, Jan, Greenland, GRL
-27.715, 1953, Feb, Greenland, GRL
-29.983, 1953, Mar, Greenland, GRL
-19.721, 1953, Apr, Greenland, GRL
-12.522, 1953, May, Greenland, GRL
-5.9463, 1953, Jun, Greenland, GRL
-3.148, 1953, Jul, Greenland, GRL
-5.6813, 1953, Aug, Greenland, GRL
-12.65, 1953, Sep, Greenland, GRL
-19.908, 1953, Oct, Greenland, GRL
-23.629, 1953, Nov, Greenland, GRL
-27.179, 1953, Dec, Greenland, GRL
-25.087, 1954, Jan, Greenland, GRL
-26.376, 1954, Feb, Greenland, GRL
-29.79, 1954, Mar, Greenland, GRL
-21.66, 1954, Apr, Greenland, GRL
-11.895, 1954, May, Greenland, GRL
-6.5732, 1954, Jun, Greenland, GRL
-3.3445, 1954, Jul, Greenland, GRL
-5.6032, 1954, Aug, Greenland, GRL
-12.919, 1954, Sep, Greenland, GRL
-19.476, 1954, Oct, Greenland, GRL
-23.069, 1954, Nov, Greenland, GRL
-26.768, 1954, Dec, Greenland, GRL
-26.925, 1955, Jan, Greenland, GRL
-27.593, 1955, Feb, Greenland, GRL
-27.764, 1955, Mar, Greenland, GRL
-22.415, 1955, Apr, Greenland, GRL
-14.757, 1955, May, Greenland, GRL
-6.2062, 1955, Jun, Greenland, GRL
-4.73, 1955, Jul, Greenland, GRL
-6.4102, 1955, Aug, Greenland, GRL
-12.994, 1955, Sep, Greenland, GRL
-17.353, 1955, Oct, Greenland, GRL
-24.255, 1955, Nov, Greenland, GRL
-26.651, 1955, Dec, Greenland, GRL
-26.983, 1956, Jan, Greenland, GRL
-25.074, 1956, Feb, Greenland, GRL
-29.253, 1956, Mar, Greenland, GRL
-21.398, 1956, Apr, Greenland, GRL
-15.767, 1956, May, Greenland, GRL
-7.2976, 1956, Jun, Greenland, GRL
-2.9567, 1956, Jul, Greenland, GRL
-6.1696, 1956, Aug, Greenland, GRL
-14.879, 1956, Sep, Greenland, GRL
-20.786, 1956, Oct, Greenland, GRL
-24.433, 1956, Nov, Greenland, GRL
-23.983, 1956, Dec, Greenland, GRL
-25.803, 1957, Jan, Greenland, GRL
-26.301, 1957, Feb, Greenland, GRL
-26.863, 1957, Mar, Greenland, GRL
-23.216, 1957, Apr, Greenland, GRL
-13.468, 1957, May, Greenland, GRL
-5.6401, 1957, Jun, Greenland, GRL
-2.3997, 1957, Jul, Greenland, GRL
-5.3555, 1957, Aug, Greenland, GRL
-12.9, 1957, Sep, Greenland, GRL
-18.661, 1957, Oct, Greenland, GRL
-23.972, 1957, Nov, Greenland, GRL
-28.826, 1957, Dec, Greenland, GRL
-22.994, 1958, Jan, Greenland, GRL
-26.633, 1958, Feb, Greenland, GRL
-26.156, 1958, Mar, Greenland, GRL
-22.848, 1958, Apr, Greenland, GRL
-12.214, 1958, May, Greenland, GRL
-6.0005, 1958, Jun, Greenland, GRL
-1.8443, 1958, Jul, Greenland, GRL
-5.8253, 1958, Aug, Greenland, GRL
-13.4, 1958, Sep, Greenland, GRL
-19.678, 1958, Oct, Greenland, GRL
-26.193, 1958, Nov, Greenland, GRL
-25.223, 1958, Dec, Greenland, GRL
-25.404, 1959, Jan, Greenland, GRL
-27.565, 1959, Feb, Greenland, GRL
-30.242, 1959, Mar, Greenland, GRL
-22.517, 1959, Apr, Greenland, GRL
-13.114, 1959, May, Greenland, GRL
-6.0213, 1959, Jun, Greenland, GRL
-3.8656, 1959, Jul, Greenland, GRL
-6.4404, 1959, Aug, Greenland, GRL
-14.012, 1959, Sep, Greenland, GRL
-18.897, 1959, Oct, Greenland, GRL
-22.602, 1959, Nov, Greenland, GRL
-26.191, 1959, Dec, Greenland, GRL
-22.745, 1960, Jan, Greenland, GRL
-26.035, 1960, Feb, Greenland, GRL
-29.479, 1960, Mar, Greenland, GRL
-23.114, 1960, Apr, Greenland, GRL
-11.748, 1960, May, Greenland, GRL
-5.7319, 1960, Jun, Greenland, GRL
-1.9953, 1960, Jul, Greenland, GRL
-5.076, 1960, Aug, Greenland, GRL
-12.511, 1960, Sep, Greenland, GRL
-18.165, 1960, Oct, Greenland, GRL
-22.896, 1960, Nov, Greenland, GRL
-26.443, 1960, Dec, Greenland, GRL
-24.828, 1961, Jan, Greenland, GRL
-29.277, 1961, Feb, Greenland, GRL
-31.884, 1961, Mar, Greenland, GRL
-22.365, 1961, Apr, Greenland, GRL
-14.44, 1961, May, Greenland, GRL
-6.1399, 1961, Jun, Greenland, GRL
-2.5088, 1961, Jul, Greenland, GRL
-6.7042, 1961, Aug, Greenland, GRL
-14.202, 1961, Sep, Greenland, GRL
-18.629, 1961, Oct, Greenland, GRL
-23.312, 1961, Nov, Greenland, GRL
-25.59, 1961, Dec, Greenland, GRL
-24.55, 1962, Jan, Greenland, GRL
-27.133, 1962, Feb, Greenland, GRL
-26.146, 1962, Mar, Greenland, GRL
-21.366, 1962, Apr, Greenland, GRL
-13.074, 1962, May, Greenland, GRL
-6.141, 1962, Jun, Greenland, GRL
-2.1038, 1962, Jul, Greenland, GRL
-5.8899, 1962, Aug, Greenland, GRL
-13.707, 1962, Sep, Greenland, GRL
-20.066, 1962, Oct, Greenland, GRL
-23.675, 1962, Nov, Greenland, GRL
-25.312, 1962, Dec, Greenland, GRL
-24.487, 1963, Jan, Greenland, GRL
-25.692, 1963, Feb, Greenland, GRL
-28.25, 1963, Mar, Greenland, GRL
-20.772, 1963, Apr, Greenland, GRL
-14.609, 1963, May, Greenland, GRL
-7.5136, 1963, Jun, Greenland, GRL
-3.8671, 1963, Jul, Greenland, GRL
-5.6222, 1963, Aug, Greenland, GRL
-14.678, 1963, Sep, Greenland, GRL
-19.378, 1963, Oct, Greenland, GRL
-24.973, 1963, Nov, Greenland, GRL
-25.096, 1963, Dec, Greenland, GRL
-24.721, 1964, Jan, Greenland, GRL
-25.025, 1964, Feb, Greenland, GRL
-28.432, 1964, Mar, Greenland, GRL
-22.748, 1964, Apr, Greenland, GRL
-14.645, 1964, May, Greenland, GRL
-6.4764, 1964, Jun, Greenland, GRL
-4.1796, 1964, Jul, Greenland, GRL
-5.5969, 1964, Aug, Greenland, GRL
-13.953, 1964, Sep, Greenland, GRL
-20.173, 1964, Oct, Greenland, GRL
-25.857, 1964, Nov, Greenland, GRL
-25.477, 1964, Dec, Greenland, GRL
-25.921, 1965, Jan, Greenland, GRL
-22.624, 1965, Feb, Greenland, GRL
-28.225, 1965, Mar, Greenland, GRL
-22.06, 1965, Apr, Greenland, GRL
-11.253, 1965, May, Greenland, GRL
-7.2029, 1965, Jun, Greenland, GRL
-3.2235, 1965, Jul, Greenland, GRL
-6.2046, 1965, Aug, Greenland, GRL
-13.973, 1965, Sep, Greenland, GRL
-19.443, 1965, Oct, Greenland, GRL
-21.947, 1965, Nov, Greenland, GRL
-27.446, 1965, Dec, Greenland, GRL
-28.079, 1966, Jan, Greenland, GRL
-26.288, 1966, Feb, Greenland, GRL
-32.042, 1966, Mar, Greenland, GRL
-23.341, 1966, Apr, Greenland, GRL
-13.405, 1966, May, Greenland, GRL
-6.0529, 1966, Jun, Greenland, GRL
-3.0684, 1966, Jul, Greenland, GRL
-4.489, 1966, Aug, Greenland, GRL
-13.083, 1966, Sep, Greenland, GRL
-21.098, 1966, Oct, Greenland, GRL
-25.985, 1966, Nov, Greenland, GRL
-26.862, 1966, Dec, Greenland, GRL
-25.324, 1967, Jan, Greenland, GRL
-28.974, 1967, Feb, Greenland, GRL
-30.625, 1967, Mar, Greenland, GRL
-22.318, 1967, Apr, Greenland, GRL
-10.547, 1967, May, Greenland, GRL
-6.7314, 1967, Jun, Greenland, GRL
-2.8926, 1967, Jul, Greenland, GRL
-6.0992, 1967, Aug, Greenland, GRL
-13.243, 1967, Sep, Greenland, GRL
-20.409, 1967, Oct, Greenland, GRL
-26.814, 1967, Nov, Greenland, GRL
-25.973, 1967, Dec, Greenland, GRL
-27.813, 1968, Jan, Greenland, GRL
-29.232, 1968, Feb, Greenland, GRL
-31.458, 1968, Mar, Greenland, GRL
-22.441, 1968, Apr, Greenland, GRL
-12.637, 1968, May, Greenland, GRL
-5.8908, 1968, Jun, Greenland, GRL
-3.3209, 1968, Jul, Greenland, GRL
-6.3044, 1968, Aug, Greenland, GRL
-13.578, 1968, Sep, Greenland, GRL
-20.164, 1968, Oct, Greenland, GRL
-25.505, 1968, Nov, Greenland, GRL
-26.656, 1968, Dec, Greenland, GRL
-24.587, 1969, Jan, Greenland, GRL
-26.389, 1969, Feb, Greenland, GRL
-31.165, 1969, Mar, Greenland, GRL
-24.267, 1969, Apr, Greenland, GRL
-12.335, 1969, May, Greenland, GRL
-6.8176, 1969, Jun, Greenland, GRL
-3.4243, 1969, Jul, Greenland, GRL
-4.8596, 1969, Aug, Greenland, GRL
-13.831, 1969, Sep, Greenland, GRL
-19.513, 1969, Oct, Greenland, GRL
-24.833, 1969, Nov, Greenland, GRL
-26.039, 1969, Dec, Greenland, GRL
-25.984, 1970, Jan, Greenland, GRL
-28.581, 1970, Feb, Greenland, GRL
-28.252, 1970, Mar, Greenland, GRL
-23.662, 1970, Apr, Greenland, GRL
-14.087, 1970, May, Greenland, GRL
-7.19, 1970, Jun, Greenland, GRL
-4.0168, 1970, Jul, Greenland, GRL
-6.7851, 1970, Aug, Greenland, GRL
-12.603, 1970, Sep, Greenland, GRL
-18.214, 1970, Oct, Greenland, GRL
-24.623, 1970, Nov, Greenland, GRL
-26.314, 1970, Dec, Greenland, GRL
-27.971, 1971, Jan, Greenland, GRL
-27.544, 1971, Feb, Greenland, GRL
-29.23, 1971, Mar, Greenland, GRL
-22.159, 1971, Apr, Greenland, GRL
-13.297, 1971, May, Greenland, GRL
-5.5046, 1971, Jun, Greenland, GRL
-2.7262, 1971, Jul, Greenland, GRL
-6.2277, 1971, Aug, Greenland, GRL
-13.682, 1971, Sep, Greenland, GRL
-21.048, 1971, Oct, Greenland, GRL
-27.281, 1971, Nov, Greenland, GRL
-29.79, 1971, Dec, Greenland, GRL
-24.026, 1972, Jan, Greenland, GRL
-28.635, 1972, Feb, Greenland, GRL
-28.697, 1972, Mar, Greenland, GRL
-24.26, 1972, Apr, Greenland, GRL
-13.35, 1972, May, Greenland, GRL
-7.592, 1972, Jun, Greenland, GRL
-4.4345, 1972, Jul, Greenland, GRL
-6.3976, 1972, Aug, Greenland, GRL
-12.854, 1972, Sep, Greenland, GRL
-18.698, 1972, Oct, Greenland, GRL
-24.011, 1972, Nov, Greenland, GRL
-28.091, 1972, Dec, Greenland, GRL
-22.51, 1973, Jan, Greenland, GRL
-31.201, 1973, Feb, Greenland, GRL
-30.494, 1973, Mar, Greenland, GRL
-22.789, 1973, Apr, Greenland, GRL
-14.328, 1973, May, Greenland, GRL
-6.6273, 1973, Jun, Greenland, GRL
-3.7328, 1973, Jul, Greenland, GRL
-5.6612, 1973, Aug, Greenland, GRL
-13.734, 1973, Sep, Greenland, GRL
-19.405, 1973, Oct, Greenland, GRL
-25.551, 1973, Nov, Greenland, GRL
-26.588, 1973, Dec, Greenland, GRL
-24.069, 1974, Jan, Greenland, GRL
-27.065, 1974, Feb, Greenland, GRL
-27.673, 1974, Mar, Greenland, GRL
-21.88, 1974, Apr, Greenland, GRL
-13.145, 1974, May, Greenland, GRL
-6.8901, 1974, Jun, Greenland, GRL
-2.9935, 1974, Jul, Greenland, GRL
-5.332, 1974, Aug, Greenland, GRL
-14.2, 1974, Sep, Greenland, GRL
-18.895, 1974, Oct, Greenland, GRL
-24.069, 1974, Nov, Greenland, GRL
-29.729, 1974, Dec, Greenland, GRL
-30.006, 1975, Jan, Greenland, GRL
-26.539, 1975, Feb, Greenland, GRL
-30.8, 1975, Mar, Greenland, GRL
-22.388, 1975, Apr, Greenland, GRL
-13.795, 1975, May, Greenland, GRL
-6.7391, 1975, Jun, Greenland, GRL
-3.1552, 1975, Jul, Greenland, GRL
-5.5087, 1975, Aug, Greenland, GRL
-14.443, 1975, Sep, Greenland, GRL
-19.761, 1975, Oct, Greenland, GRL
-25.725, 1975, Nov, Greenland, GRL
-28.318, 1975, Dec, Greenland, GRL
-26.075, 1976, Jan, Greenland, GRL
-26.142, 1976, Feb, Greenland, GRL
-26.95, 1976, Mar, Greenland, GRL
-23.25, 1976, Apr, Greenland, GRL
-14.035, 1976, May, Greenland, GRL
-6.7625, 1976, Jun, Greenland, GRL
-3.3176, 1976, Jul, Greenland, GRL
-6.5293, 1976, Aug, Greenland, GRL
-11.929, 1976, Sep, Greenland, GRL
-19.712, 1976, Oct, Greenland, GRL
-25.262, 1976, Nov, Greenland, GRL
-24.265, 1976, Dec, Greenland, GRL
-22.442, 1977, Jan, Greenland, GRL
-27.873, 1977, Feb, Greenland, GRL
-30.015, 1977, Mar, Greenland, GRL
-22.078, 1977, Apr, Greenland, GRL
-12.73, 1977, May, Greenland, GRL
-6.7422, 1977, Jun, Greenland, GRL
-3.1164, 1977, Jul, Greenland, GRL
-5.5788, 1977, Aug, Greenland, GRL
-13.979, 1977, Sep, Greenland, GRL
-19.66, 1977, Oct, Greenland, GRL
-25.046, 1977, Nov, Greenland, GRL
-26.919, 1977, Dec, Greenland, GRL
-28.091, 1978, Jan, Greenland, GRL
-26.383, 1978, Feb, Greenland, GRL
-30.375, 1978, Mar, Greenland, GRL
-21.452, 1978, Apr, Greenland, GRL
-12.776, 1978, May, Greenland, GRL
-7.5234, 1978, Jun, Greenland, GRL
-2.6619, 1978, Jul, Greenland, GRL
-5.1789, 1978, Aug, Greenland, GRL
-13.725, 1978, Sep, Greenland, GRL
-21.324, 1978, Oct, Greenland, GRL
-27.935, 1978, Nov, Greenland, GRL
-21.311, 1978, Dec, Greenland, GRL
-24.773, 1979, Jan, Greenland, GRL
-29.7, 1979, Feb, Greenland, GRL
-27.459, 1979, Mar, Greenland, GRL
-21.744, 1979, Apr, Greenland, GRL
-14.078, 1979, May, Greenland, GRL
-7.6027, 1979, Jun, Greenland, GRL
-3.4106, 1979, Jul, Greenland, GRL
-6.2536, 1979, Aug, Greenland, GRL
-13.624, 1979, Sep, Greenland, GRL
-20.019, 1979, Oct, Greenland, GRL
-25.572, 1979, Nov, Greenland, GRL
-26.742, 1979, Dec, Greenland, GRL
-22.628, 1980, Jan, Greenland, GRL
-24.655, 1980, Feb, Greenland, GRL
-25.465, 1980, Mar, Greenland, GRL
-22.795, 1980, Apr, Greenland, GRL
-12.547, 1980, May, Greenland, GRL
-6.966, 1980, Jun, Greenland, GRL
-3.4454, 1980, Jul, Greenland, GRL
-4.8843, 1980, Aug, Greenland, GRL
-13.208, 1980, Sep, Greenland, GRL
-18.577, 1980, Oct, Greenland, GRL
-25.991, 1980, Nov, Greenland, GRL
-27.992, 1980, Dec, Greenland, GRL
-25.426, 1981, Jan, Greenland, GRL
-27.572, 1981, Feb, Greenland, GRL
-29.018, 1981, Mar, Greenland, GRL
-21.767, 1981, Apr, Greenland, GRL
-13.337, 1981, May, Greenland, GRL
-5.7785, 1981, Jun, Greenland, GRL
-3.1548, 1981, Jul, Greenland, GRL
-5.6072, 1981, Aug, Greenland, GRL
-12.415, 1981, Sep, Greenland, GRL
-18.488, 1981, Oct, Greenland, GRL
-23.48, 1981, Nov, Greenland, GRL
-24.434, 1981, Dec, Greenland, GRL
-24.778, 1982, Jan, Greenland, GRL
-28.563, 1982, Feb, Greenland, GRL
-28.059, 1982, Mar, Greenland, GRL
-23.535, 1982, Apr, Greenland, GRL
-14.552, 1982, May, Greenland, GRL
-6.4468, 1982, Jun, Greenland, GRL
-3.2773, 1982, Jul, Greenland, GRL
-6.4049, 1982, Aug, Greenland, GRL
-14.963, 1982, Sep, Greenland, GRL
-19.648, 1982, Oct, Greenland, GRL
-25.168, 1982, Nov, Greenland, GRL
-28.794, 1982, Dec, Greenland, GRL
-27.254, 1983, Jan, Greenland, GRL
-29.002, 1983, Feb, Greenland, GRL
-30.52, 1983, Mar, Greenland, GRL
-24.395, 1983, Apr, Greenland, GRL
-14.338, 1983, May, Greenland, GRL
-6.7845, 1983, Jun, Greenland, GRL
-4.0913, 1983, Jul, Greenland, GRL
-6.9744, 1983, Aug, Greenland, GRL
-13.31, 1983, Sep, Greenland, GRL
-21.63, 1983, Oct, Greenland, GRL
-26.245, 1983, Nov, Greenland, GRL
-27.437, 1983, Dec, Greenland, GRL
-27.975, 1984, Jan, Greenland, GRL
-30.08, 1984, Feb, Greenland, GRL
-30.18, 1984, Mar, Greenland, GRL
-23.705, 1984, Apr, Greenland, GRL
-13.909, 1984, May, Greenland, GRL
-6.6158, 1984, Jun, Greenland, GRL
-2.4671, 1984, Jul, Greenland, GRL
-6.4591, 1984, Aug, Greenland, GRL
-13.517, 1984, Sep, Greenland, GRL
-19.878, 1984, Oct, Greenland, GRL
-24.294, 1984, Nov, Greenland, GRL
-25.313, 1984, Dec, Greenland, GRL
-22.168, 1985, Jan, Greenland, GRL
-27.239, 1985, Feb, Greenland, GRL
-28.673, 1985, Mar, Greenland, GRL
-23.593, 1985, Apr, Greenland, GRL
-12.995, 1985, May, Greenland, GRL
-5.5967, 1985, Jun, Greenland, GRL
-3.1058, 1985, Jul, Greenland, GRL
-6.1846, 1985, Aug, Greenland, GRL
-12.271, 1985, Sep, Greenland, GRL
-20.297, 1985, Oct, Greenland, GRL
-25.187, 1985, Nov, Greenland, GRL
-25.554, 1985, Dec, Greenland, GRL
-26.449, 1986, Jan, Greenland, GRL
-22.24, 1986, Feb, Greenland, GRL
-30.261, 1986, Mar, Greenland, GRL
-22.464, 1986, Apr, Greenland, GRL
-13.131, 1986, May, Greenland, GRL
-6.9935, 1986, Jun, Greenland, GRL
-3.8805, 1986, Jul, Greenland, GRL
-5.5438, 1986, Aug, Greenland, GRL
-13.138, 1986, Sep, Greenland, GRL
-21.395, 1986, Oct, Greenland, GRL
-26.65, 1986, Nov, Greenland, GRL
-25.731, 1986, Dec, Greenland, GRL
-23.002, 1987, Jan, Greenland, GRL
-29.653, 1987, Feb, Greenland, GRL
-29.568, 1987, Mar, Greenland, GRL
-23.274, 1987, Apr, Greenland, GRL
-14.228, 1987, May, Greenland, GRL
-6.0534, 1987, Jun, Greenland, GRL
-3.368, 1987, Jul, Greenland, GRL
-4.8424, 1987, Aug, Greenland, GRL
-12.85, 1987, Sep, Greenland, GRL
-20.471, 1987, Oct, Greenland, GRL
-25.419, 1987, Nov, Greenland, GRL
-27.436, 1987, Dec, Greenland, GRL
-27.532, 1988, Jan, Greenland, GRL
-24.501, 1988, Feb, Greenland, GRL
-28.568, 1988, Mar, Greenland, GRL
-21.446, 1988, Apr, Greenland, GRL
-12.218, 1988, May, Greenland, GRL
-6.2417, 1988, Jun, Greenland, GRL
-2.7995, 1988, Jul, Greenland, GRL
-5.6031, 1988, Aug, Greenland, GRL
-12.778, 1988, Sep, Greenland, GRL
-18.12, 1988, Oct, Greenland, GRL
-24.34, 1988, Nov, Greenland, GRL
-27.246, 1988, Dec, Greenland, GRL
-28.632, 1989, Jan, Greenland, GRL
-29.594, 1989, Feb, Greenland, GRL
-31.724, 1989, Mar, Greenland, GRL
-22.378, 1989, Apr, Greenland, GRL
-14.694, 1989, May, Greenland, GRL
-6.1694, 1989, Jun, Greenland, GRL
-2.9983, 1989, Jul, Greenland, GRL
-6.3251, 1989, Aug, Greenland, GRL
-13.717, 1989, Sep, Greenland, GRL
-20.956, 1989, Oct, Greenland, GRL
-23.488, 1989, Nov, Greenland, GRL
-26.45, 1989, Dec, Greenland, GRL
-23.756, 1990, Jan, Greenland, GRL
-28.02, 1990, Feb, Greenland, GRL
-30.149, 1990, Mar, Greenland, GRL
-22.183, 1990, Apr, Greenland, GRL
-11.648, 1990, May, Greenland, GRL
-4.8916, 1990, Jun, Greenland, GRL
-2.4308, 1990, Jul, Greenland, GRL
-5.7234, 1990, Aug, Greenland, GRL
-13.021, 1990, Sep, Greenland, GRL
-20.773, 1990, Oct, Greenland, GRL
-25.128, 1990, Nov, Greenland, GRL
-26.737, 1990, Dec, Greenland, GRL
-26.265, 1991, Jan, Greenland, GRL
-26.94, 1991, Feb, Greenland, GRL
-26.702, 1991, Mar, Greenland, GRL
-23.108, 1991, Apr, Greenland, GRL
-12.999, 1991, May, Greenland, GRL
-5.8635, 1991, Jun, Greenland, GRL
-2.0892, 1991, Jul, Greenland, GRL
-5.146, 1991, Aug, Greenland, GRL
-12.378, 1991, Sep, Greenland, GRL
-19.113, 1991, Oct, Greenland, GRL
-24.217, 1991, Nov, Greenland, GRL
-26.606, 1991, Dec, Greenland, GRL
-25.579, 1992, Jan, Greenland, GRL
-29.905, 1992, Feb, Greenland, GRL
-29.041, 1992, Mar, Greenland, GRL
-23.521, 1992, Apr, Greenland, GRL
-15.161, 1992, May, Greenland, GRL
-7.4371, 1992, Jun, Greenland, GRL
-3.6166, 1992, Jul, Greenland, GRL
-6.85, 1992, Aug, Greenland, GRL
-13.343, 1992, Sep, Greenland, GRL
-18.851, 1992, Oct, Greenland, GRL
-24.209, 1992, Nov, Greenland, GRL
-27.022, 1992, Dec, Greenland, GRL
-28.502, 1993, Jan, Greenland, GRL
-27.564, 1993, Feb, Greenland, GRL
-30.859, 1993, Mar, Greenland, GRL
-22.106, 1993, Apr, Greenland, GRL
-13.622, 1993, May, Greenland, GRL
-6.6458, 1993, Jun, Greenland, GRL
-2.4996, 1993, Jul, Greenland, GRL
-6.4037, 1993, Aug, Greenland, GRL
-13.253, 1993, Sep, Greenland, GRL
-18.856, 1993, Oct, Greenland, GRL
-24.321, 1993, Nov, Greenland, GRL
-27.534, 1993, Dec, Greenland, GRL
-26.551, 1994, Jan, Greenland, GRL
-26.452, 1994, Feb, Greenland, GRL
-30.14, 1994, Mar, Greenland, GRL
-21.569, 1994, Apr, Greenland, GRL
-12.621, 1994, May, Greenland, GRL
-6.2261, 1994, Jun, Greenland, GRL
-2.8236, 1994, Jul, Greenland, GRL
-5.3586, 1994, Aug, Greenland, GRL
-12.693, 1994, Sep, Greenland, GRL
-19.754, 1994, Oct, Greenland, GRL
-24.295, 1994, Nov, Greenland, GRL
-27.552, 1994, Dec, Greenland, GRL
-27.409, 1995, Jan, Greenland, GRL
-28.678, 1995, Feb, Greenland, GRL
-30.282, 1995, Mar, Greenland, GRL
-18.551, 1995, Apr, Greenland, GRL
-12.655, 1995, May, Greenland, GRL
-5.4388, 1995, Jun, Greenland, GRL
-3.0466, 1995, Jul, Greenland, GRL
-5.6088, 1995, Aug, Greenland, GRL
-11.585, 1995, Sep, Greenland, GRL
-20.412, 1995, Oct, Greenland, GRL
-22.66, 1995, Nov, Greenland, GRL
-27.352, 1995, Dec, Greenland, GRL
-24.712, 1996, Jan, Greenland, GRL
-25.415, 1996, Feb, Greenland, GRL
-26.25, 1996, Mar, Greenland, GRL
-19.793, 1996, Apr, Greenland, GRL
-12.427, 1996, May, Greenland, GRL
-6.7898, 1996, Jun, Greenland, GRL
-3.2718, 1996, Jul, Greenland, GRL
-6.2506, 1996, Aug, Greenland, GRL
-13.335, 1996, Sep, Greenland, GRL
-19.879, 1996, Oct, Greenland, GRL
-22.067, 1996, Nov, Greenland, GRL
-25.427, 1996, Dec, Greenland, GRL
-25.555, 1997, Jan, Greenland, GRL
-28.02, 1997, Feb, Greenland, GRL
-27.425, 1997, Mar, Greenland, GRL
-21.181, 1997, Apr, Greenland, GRL
-13.246, 1997, May, Greenland, GRL
-5.7697, 1997, Jun, Greenland, GRL
-3.797, 1997, Jul, Greenland, GRL
-6.3548, 1997, Aug, Greenland, GRL
-13.696, 1997, Sep, Greenland, GRL
-19.615, 1997, Oct, Greenland, GRL
-23.166, 1997, Nov, Greenland, GRL
-24.733, 1997, Dec, Greenland, GRL
-24.859, 1998, Jan, Greenland, GRL
-28.307, 1998, Feb, Greenland, GRL
-27.153, 1998, Mar, Greenland, GRL
-20.196, 1998, Apr, Greenland, GRL
-13.124, 1998, May, Greenland, GRL
-5.5894, 1998, Jun, Greenland, GRL
-2.7266, 1998, Jul, Greenland, GRL
-5.2783, 1998, Aug, Greenland, GRL
-12.393, 1998, Sep, Greenland, GRL
-18.474, 1998, Oct, Greenland, GRL
-21.006, 1998, Nov, Greenland, GRL
-24.906, 1998, Dec, Greenland, GRL
-26.012, 1999, Jan, Greenland, GRL
-26.676, 1999, Feb, Greenland, GRL
-27.298, 1999, Mar, Greenland, GRL
-20.896, 1999, Apr, Greenland, GRL
-13.694, 1999, May, Greenland, GRL
-6.9082, 1999, Jun, Greenland, GRL
-2.544, 1999, Jul, Greenland, GRL
-6.5707, 1999, Aug, Greenland, GRL
-12.916, 1999, Sep, Greenland, GRL
-19.672, 1999, Oct, Greenland, GRL
-22.306, 1999, Nov, Greenland, GRL
-27.324, 1999, Dec, Greenland, GRL
-25.318, 2000, Jan, Greenland, GRL
-26.365, 2000, Feb, Greenland, GRL
-28.287, 2000, Mar, Greenland, GRL
-21.972, 2000, Apr, Greenland, GRL
-14.057, 2000, May, Greenland, GRL
-5.6495, 2000, Jun, Greenland, GRL
-2.8535, 2000, Jul, Greenland, GRL
-5.9372, 2000, Aug, Greenland, GRL
-13.046, 2000, Sep, Greenland, GRL
-19.017, 2000, Oct, Greenland, GRL
-23.648, 2000, Nov, Greenland, GRL
-26.002, 2000, Dec, Greenland, GRL
-24.767, 2001, Jan, Greenland, GRL
-26.99, 2001, Feb, Greenland, GRL
-29.376, 2001, Mar, Greenland, GRL
-23.387, 2001, Apr, Greenland, GRL
-13.898, 2001, May, Greenland, GRL
-6.0881, 2001, Jun, Greenland, GRL
-3.0364, 2001, Jul, Greenland, GRL
-4.9329, 2001, Aug, Greenland, GRL
-11.798, 2001, Sep, Greenland, GRL
-18.259, 2001, Oct, Greenland, GRL
-24.031, 2001, Nov, Greenland, GRL
-22.208, 2001, Dec, Greenland, GRL
-24.169, 2002, Jan, Greenland, GRL
-29.664, 2002, Feb, Greenland, GRL
-29.087, 2002, Mar, Greenland, GRL
-23.028, 2002, Apr, Greenland, GRL
-12.538, 2002, May, Greenland, GRL
-5.0988, 2002, Jun, Greenland, GRL
-2.9629, 2002, Jul, Greenland, GRL
-4.7192, 2002, Aug, Greenland, GRL
-11.186, 2002, Sep, Greenland, GRL
-16.175, 2002, Oct, Greenland, GRL
-21.957, 2002, Nov, Greenland, GRL
-21.444, 2002, Dec, Greenland, GRL
-23.378, 2003, Jan, Greenland, GRL
-25.591, 2003, Feb, Greenland, GRL
-28.081, 2003, Mar, Greenland, GRL
-21.711, 2003, Apr, Greenland, GRL
-12.677, 2003, May, Greenland, GRL
-5.402, 2003, Jun, Greenland, GRL
-1.4656, 2003, Jul, Greenland, GRL
-3.8977, 2003, Aug, Greenland, GRL
-10.902, 2003, Sep, Greenland, GRL
-17.16, 2003, Oct, Greenland, GRL
-22.982, 2003, Nov, Greenland, GRL
-25.382, 2003, Dec, Greenland, GRL
-24.786, 2004, Jan, Greenland, GRL
-25.933, 2004, Feb, Greenland, GRL
-28.01, 2004, Mar, Greenland, GRL
-20.365, 2004, Apr, Greenland, GRL
-12.307, 2004, May, Greenland, GRL
-5.9395, 2004, Jun, Greenland, GRL
-3.0326, 2004, Jul, Greenland, GRL
-4.7475, 2004, Aug, Greenland, GRL
-12.591, 2004, Sep, Greenland, GRL
-18.367, 2004, Oct, Greenland, GRL
-24.62, 2004, Nov, Greenland, GRL
-26.971, 2004, Dec, Greenland, GRL
-22.877, 2005, Jan, Greenland, GRL
-21.72, 2005, Feb, Greenland, GRL
-25.095, 2005, Mar, Greenland, GRL
-20.803, 2005, Apr, Greenland, GRL
-11.384, 2005, May, Greenland, GRL
-5.0068, 2005, Jun, Greenland, GRL
-2.1567, 2005, Jul, Greenland, GRL
-5.5465, 2005, Aug, Greenland, GRL
-12.958, 2005, Sep, Greenland, GRL
-19.916, 2005, Oct, Greenland, GRL
-22.491, 2005, Nov, Greenland, GRL
-22.906, 2005, Dec, Greenland, GRL
-22.231, 2006, Jan, Greenland, GRL
-25.332, 2006, Feb, Greenland, GRL
-26.142, 2006, Mar, Greenland, GRL
-20.78, 2006, Apr, Greenland, GRL
-11.369, 2006, May, Greenland, GRL
-6.7132, 2006, Jun, Greenland, GRL
-2.6377, 2006, Jul, Greenland, GRL
-5.3354, 2006, Aug, Greenland, GRL
-11.31, 2006, Sep, Greenland, GRL
-19.359, 2006, Oct, Greenland, GRL
-23.137, 2006, Nov, Greenland, GRL
-24.95, 2006, Dec, Greenland, GRL
-24.339, 2007, Jan, Greenland, GRL
-23.597, 2007, Feb, Greenland, GRL
-27.231, 2007, Mar, Greenland, GRL
-20.093, 2007, Apr, Greenland, GRL
-13.939, 2007, May, Greenland, GRL
-5.4325, 2007, Jun, Greenland, GRL
-2.2001, 2007, Jul, Greenland, GRL
-4.2115, 2007, Aug, Greenland, GRL
-12.577, 2007, Sep, Greenland, GRL
-18.566, 2007, Oct, Greenland, GRL
-23.038, 2007, Nov, Greenland, GRL
-25.131, 2007, Dec, Greenland, GRL
-26.518, 2008, Jan, Greenland, GRL
-24.038, 2008, Feb, Greenland, GRL
-29.022, 2008, Mar, Greenland, GRL
-22.299, 2008, Apr, Greenland, GRL
-12.597, 2008, May, Greenland, GRL
-4.2278, 2008, Jun, Greenland, GRL
-2.0416, 2008, Jul, Greenland, GRL
-4.5603, 2008, Aug, Greenland, GRL
-11.281, 2008, Sep, Greenland, GRL
-18.865, 2008, Oct, Greenland, GRL
-23.071, 2008, Nov, Greenland, GRL
-24.317, 2008, Dec, Greenland, GRL
-22.464, 2009, Jan, Greenland, GRL
-28.02, 2009, Feb, Greenland, GRL
-29.551, 2009, Mar, Greenland, GRL
-23.176, 2009, Apr, Greenland, GRL
-11.348, 2009, May, Greenland, GRL
-6.1564, 2009, Jun, Greenland, GRL
-1.4894, 2009, Jul, Greenland, GRL
-4.7162, 2009, Aug, Greenland, GRL
-12.481, 2009, Sep, Greenland, GRL
-19.609, 2009, Oct, Greenland, GRL
-22.954, 2009, Nov, Greenland, GRL
-21.569, 2009, Dec, Greenland, GRL
-22.689, 2010, Jan, Greenland, GRL
-24.239, 2010, Feb, Greenland, GRL
-26.772, 2010, Mar, Greenland, GRL
-18.915, 2010, Apr, Greenland, GRL
-10.807, 2010, May, Greenland, GRL
-5.2297, 2010, Jun, Greenland, GRL
-2.2356, 2010, Jul, Greenland, GRL
-4.2679, 2010, Aug, Greenland, GRL
-10.995, 2010, Sep, Greenland, GRL
-17.702, 2010, Oct, Greenland, GRL
-23.238, 2010, Nov, Greenland, GRL
-21.257, 2010, Dec, Greenland, GRL
-22.296, 2011, Jan, Greenland, GRL
-22.845, 2011, Feb, Greenland, GRL
-26.722, 2011, Mar, Greenland, GRL
-22.789, 2011, Apr, Greenland, GRL
-12.366, 2011, May, Greenland, GRL
-5.0016, 2011, Jun, Greenland, GRL
-2.3514, 2011, Jul, Greenland, GRL
-4.1737, 2011, Aug, Greenland, GRL
-12.016, 2011, Sep, Greenland, GRL
-18.694, 2011, Oct, Greenland, GRL
-22.233, 2011, Nov, Greenland, GRL
-25.884, 2011, Dec, Greenland, GRL
-22.134, 2012, Jan, Greenland, GRL
-24.712, 2012, Feb, Greenland, GRL
-27.044, 2012, Mar, Greenland, GRL
-22.056, 2012, Apr, Greenland, GRL
-12.685, 2012, May, Greenland, GRL
-4.7399, 2012, Jun, Greenland, GRL
-2.0851, 2012, Jul, Greenland, GRL
-4.8661, 2012, Aug, Greenland, GRL
-10.769, 2012, Sep, Greenland, GRL
-17.45, 2012, Oct, Greenland, GRL
-23.486, 2012, Nov, Greenland, GRL
-24.966, 2012, Dec, Greenland, GRL
-22.954, 2013, Jan, Greenland, GRL
-27.253, 2013, Feb, Greenland, GRL
-26.698, 2013, Mar, Greenland, GRL
-21.958, 2013, Apr, Greenland, GRL
-13.679, 2013, May, Greenland, GRL
-5.7718, 2013, Jun, Greenland, GRL
-2.7869, 2013, Jul, Greenland, GRL
-5.9977, 2013, Aug, Greenland, GRL
-12.351, 2013, Sep, Greenland, GRL
-19.273, 2013, Oct, Greenland, GRL
-24.47, 2013, Nov, Greenland, GRL
-24.774, 2013, Dec, Greenland, GRL
-21.481, 2014, Jan, Greenland, GRL
-23.231, 2014, Feb, Greenland, GRL
-28.582, 2014, Mar, Greenland, GRL
-22.69, 2014, Apr, Greenland, GRL
-12.422, 2014, May, Greenland, GRL
-5.0969, 2014, Jun, Greenland, GRL
-1.9612, 2014, Jul, Greenland, GRL
-4.2541, 2014, Aug, Greenland, GRL
-11.932, 2014, Sep, Greenland, GRL
-18.302, 2014, Oct, Greenland, GRL
-21.359, 2014, Nov, Greenland, GRL
-24, 2014, Dec, Greenland, GRL
-21.854, 2015, Jan, Greenland, GRL
-27.868, 2015, Feb, Greenland, GRL
-27.104, 2015, Mar, Greenland, GRL
-21.618, 2015, Apr, Greenland, GRL
-15.385, 2015, May, Greenland, GRL
-5.608, 2015, Jun, Greenland, GRL
-1.5709, 2015, Jul, Greenland, GRL
-5.1698, 2015, Aug, Greenland, GRL
-12.329, 2015, Sep, Greenland, GRL
-17.886, 2015, Oct, Greenland, GRL
-22.733, 2015, Nov, Greenland, GRL
-26.472, 2015, Dec, Greenland, GRL
-21.069, 2016, Jan, Greenland, GRL
-24.015, 2016, Feb, Greenland, GRL
-24.596, 2016, Mar, Greenland, GRL
-20.287, 2016, Apr, Greenland, GRL
-11.462, 2016, May, Greenland, GRL
-4.6949, 2016, Jun, Greenland, GRL
-1.2544, 2016, Jul, Greenland, GRL
-4.2961, 2016, Aug, Greenland, GRL
-11.126, 2016, Sep, Greenland, GRL
-16.782, 2016, Oct, Greenland, GRL
-20.343, 2016, Nov, Greenland, GRL
-24.073, 2016, Dec, Greenland, GRL
